id,33, caller, [], line,0, TIME,0, classic, false, kind, Sleek_Entail(34), hec_num,2, evars, [], impl_vars, [], infer_vars, [ ], c_heap, emp, others,  es_infer_obj, [@arr_en] globals, [],
id,40, caller, [], line,0, TIME,0, classic, false, kind, Sleek_Entail(41), hec_num,2, evars, [], impl_vars, [], infer_vars, [ ], c_heap, emp, others,  es_infer_obj, [@arr_en] globals, [],
id,49, caller, [], line,0, TIME,0, classic, false, kind, Sleek_Entail(50), hec_num,2, evars, [], impl_vars, [], infer_vars, [ ], c_heap, emp, others,  es_infer_obj, [@arr_en] globals, [],
id,53, caller, [], line,0, TIME,0, classic, false, kind, Sleek_Entail(54), hec_num,2, evars, [], impl_vars, [], infer_vars, [ ], c_heap, emp, others,  es_infer_obj, [@arr_en] globals, [],
id,64, caller, [], line,0, TIME,0, classic, false, kind, Sleek_Entail(65), hec_num,2, evars, [], impl_vars, [], infer_vars, [ ], c_heap, emp, others,  es_infer_obj, [@arr_en] globals, [],
id,93, caller, [], line,0, TIME,0, classic, false, kind, Sleek_Entail(94), hec_num,2, evars, [], impl_vars, [], infer_vars, [ ], c_heap, emp, others,  es_infer_obj, [@arr_en] globals, [],
id,117, caller, [], line,0, TIME,0, classic, false, kind, Sleek_Entail(118), hec_num,2, evars, [], impl_vars, [], infer_vars, [ ], c_heap, emp, others,  es_infer_obj, [@arr_en] globals, [],
id,29, caller, [], line,0, TIME,0.012, classic, false, kind, Sleek_Entail(30), hec_num,1, evars, [], impl_vars, [], infer_vars, [ ], c_heap, emp, others,  es_infer_obj, [@arr_en] globals, [],
id,15, caller, [], line,0, TIME,0.016, classic, false, kind, Sleek_Entail(16), hec_num,1, evars, [], impl_vars, [], infer_vars, [ ], c_heap, emp, others,  es_infer_obj, [@arr_en] globals, [],
id,71, caller, [], line,0, TIME,0.016, classic, false, kind, Sleek_Entail(72), hec_num,1, evars, [], impl_vars, [], infer_vars, [ ], c_heap, emp, others,  es_infer_obj, [@arr_en] globals, [],
id,81, caller, [], line,0, TIME,0.016, classic, false, kind, Sleek_Entail(82), hec_num,1, evars, [], impl_vars, [], infer_vars, [ ], c_heap, emp, others,  es_infer_obj, [@arr_en] globals, [],
id,32, caller, [], line,0, TIME,0.02, classic, false, kind, Sleek_Entail(33), hec_num,1, evars, [], impl_vars, [], infer_vars, [ ], c_heap, emp, others,  es_infer_obj, [@arr_en] globals, [],
id,62, caller, [], line,0, TIME,0.024, classic, false, kind, Sleek_Entail(63), hec_num,1, evars, [], impl_vars, [x], infer_vars, [ ], c_heap, emp, others,  es_infer_obj, [@arr_en] globals, [],
id,66, caller, [], line,0, TIME,0.024, classic, false, kind, Sleek_Entail(67), hec_num,1, evars, [], impl_vars, [], infer_vars, [ ], c_heap, emp, others,  es_infer_obj, [@arr_en] globals, [],
id,1, caller, [], line,0, TIME,0.028, classic, false, kind, Sleek_Entail(2), hec_num,1, evars, [], impl_vars, [], infer_vars, [ ], c_heap, emp, others,  es_infer_obj, [@arr_en] globals, [],
id,18, caller, [], line,0, TIME,0.028, classic, false, kind, Sleek_Entail(19), hec_num,1, evars, [], impl_vars, [], infer_vars, [ ], c_heap, emp, others,  es_infer_obj, [@arr_en] globals, [],
id,22, caller, [], line,0, TIME,0.028, classic, false, kind, Sleek_Entail(23), hec_num,1, evars, [], impl_vars, [], infer_vars, [ ], c_heap, emp, others,  es_infer_obj, [@arr_en] globals, [],
id,103, caller, [], line,0, TIME,0.028, classic, false, kind, Sleek_Entail(104), hec_num,1, evars, [], impl_vars, [], infer_vars, [ ], c_heap, emp, others,  es_infer_obj, [@arr_en] globals, [],
id,3, caller, [], line,0, TIME,0.032, classic, false, kind, Sleek_Entail(4), hec_num,1, evars, [], impl_vars, [], infer_vars, [ ], c_heap, emp, others,  es_infer_obj, [@arr_en] globals, [],
id,13, caller, [], line,0, TIME,0.032, classic, false, kind, Sleek_Entail(14), hec_num,1, evars, [], impl_vars, [], infer_vars, [ ], c_heap, emp, others,  es_infer_obj, [@arr_en] globals, [],
id,85, caller, [], line,0, TIME,0.032, classic, false, kind, Sleek_Entail(86), hec_num,1, evars, [], impl_vars, [], infer_vars, [ ], c_heap, emp, others,  es_infer_obj, [@arr_en] globals, [],
id,88, caller, [], line,0, TIME,0.032, classic, false, kind, Sleek_Entail(89), hec_num,1, evars, [], impl_vars, [], infer_vars, [ ], c_heap, emp, others,  es_infer_obj, [@arr_en] globals, [],
id,11, caller, [], line,0, TIME,0.036, classic, false, kind, Sleek_Entail(12), hec_num,1, evars, [], impl_vars, [], infer_vars, [ ], c_heap, emp, others,  es_infer_obj, [@arr_en] globals, [],
id,45, caller, [], line,0, TIME,0.036, classic, false, kind, Sleek_Entail(46), hec_num,1, evars, [], impl_vars, [], infer_vars, [ ], c_heap, emp, others,  es_infer_obj, [@arr_en] globals, [],
id,67, caller, [], line,0, TIME,0.036, classic, false, kind, Sleek_Entail(68), hec_num,1, evars, [], impl_vars, [], infer_vars, [ ], c_heap, emp, others,  es_infer_obj, [@arr_en] globals, [],
id,75, caller, [], line,0, TIME,0.036, classic, false, kind, Sleek_Entail(76), hec_num,1, evars, [], impl_vars, [], infer_vars, [ ], c_heap, emp, others,  es_infer_obj, [@arr_en] globals, [],
id,106, caller, [], line,0, TIME,0.036, classic, false, kind, Sleek_Entail(107), hec_num,1, evars, [], impl_vars, [], infer_vars, [ ], c_heap, emp, others,  es_infer_obj, [@arr_en] globals, [],
id,14, caller, [], line,0, TIME,0.04, classic, false, kind, Sleek_Entail(15), hec_num,1, evars, [], impl_vars, [], infer_vars, [ ], c_heap, emp, others,  es_infer_obj, [@arr_en] globals, [],
id,23, caller, [], line,0, TIME,0.04, classic, false, kind, Sleek_Entail(24), hec_num,1, evars, [], impl_vars, [], infer_vars, [ ], c_heap, emp, others,  es_infer_obj, [@arr_en] globals, [],
id,28, caller, [], line,0, TIME,0.04, classic, false, kind, Sleek_Entail(29), hec_num,1, evars, [], impl_vars, [], infer_vars, [ ], c_heap, emp, others,  es_infer_obj, [@arr_en] globals, [],
id,87, caller, [], line,0, TIME,0.04, classic, false, kind, Sleek_Entail(88), hec_num,1, evars, [], impl_vars, [], infer_vars, [ ], c_heap, emp, others,  es_infer_obj, [@arr_en] globals, [],
id,114, caller, [], line,0, TIME,0.04, classic, false, kind, Sleek_Entail(115), hec_num,1, evars, [], impl_vars, [], infer_vars, [ ], c_heap, emp, others,  es_infer_obj, [@arr_en] globals, [],
id,2, caller, [], line,0, TIME,0.044, classic, false, kind, Sleek_Entail(3), hec_num,1, evars, [], impl_vars, [], infer_vars, [ ], c_heap, emp, others,  es_infer_obj, [@arr_en] globals, [],
id,44, caller, [], line,0, TIME,0.044, classic, false, kind, Sleek_Entail(45), hec_num,1, evars, [], impl_vars, [], infer_vars, [ ], c_heap, emp, others,  es_infer_obj, [@arr_en] globals, [],
id,119, caller, [], line,0, TIME,0.044, classic, false, kind, Sleek_Entail(120), hec_num,1, evars, [], impl_vars, [], infer_vars, [ ], c_heap, emp, others,  es_infer_obj, [@arr_en] globals, [],
id,17, caller, [], line,0, TIME,0.048, classic, false, kind, Sleek_Entail(18), hec_num,1, evars, [], impl_vars, [], infer_vars, [ ], c_heap, emp, others,  es_infer_obj, [@arr_en] globals, [],
id,68, caller, [], line,0, TIME,0.048, classic, false, kind, Sleek_Entail(69), hec_num,1, evars, [], impl_vars, [], infer_vars, [ ], c_heap, emp, others,  es_infer_obj, [@arr_en] globals, [],
id,4, caller, [], line,0, TIME,0.052, classic, false, kind, Sleek_Entail(5), hec_num,1, evars, [], impl_vars, [], infer_vars, [ ], c_heap, emp, others,  es_infer_obj, [@arr_en] globals, [],
id,10, caller, [], line,0, TIME,0.052, classic, false, kind, Sleek_Entail(11), hec_num,1, evars, [], impl_vars, [], infer_vars, [ ], c_heap, emp, others,  es_infer_obj, [@arr_en] globals, [],
id,89, caller, [], line,0, TIME,0.052, classic, false, kind, Sleek_Entail(90), hec_num,1, evars, [], impl_vars, [], infer_vars, [ ], c_heap, emp, others,  es_infer_obj, [@arr_en] globals, [],
id,20, caller, [], line,0, TIME,0.056, classic, false, kind, Sleek_Entail(21), hec_num,1, evars, [], impl_vars, [ex7], infer_vars, [ ], c_heap, emp, others,  es_infer_obj, [@arr_en] globals, [],
id,42, caller, [], line,0, TIME,0.056, classic, false, kind, Sleek_Entail(43), hec_num,1, evars, [], impl_vars, [], infer_vars, [ ], c_heap, emp, others,  es_infer_obj, [@arr_en] globals, [],
id,51, caller, [], line,0, TIME,0.06, classic, false, kind, Sleek_Entail(52), hec_num,1, evars, [], impl_vars, [], infer_vars, [ ], c_heap, emp, others,  es_infer_obj, [@arr_en] globals, [],
id,94, caller, [], line,0, TIME,0.06, classic, false, kind, Sleek_Entail(95), hec_num,1, evars, [], impl_vars, [], infer_vars, [ ], c_heap, emp, others,  es_infer_obj, [@arr_en] globals, [],
id,100, caller, [], line,0, TIME,0.06, classic, false, kind, Sleek_Entail(101), hec_num,1, evars, [], impl_vars, [], infer_vars, [ ], c_heap, emp, others,  es_infer_obj, [@arr_en] globals, [],
id,55, caller, [], line,0, TIME,0.064, classic, false, kind, Sleek_Entail(56), hec_num,1, evars, [], impl_vars, [], infer_vars, [ ], c_heap, emp, others,  es_infer_obj, [@arr_en] globals, [],
id,107, caller, [], line,0, TIME,0.064, classic, false, kind, Sleek_Entail(108), hec_num,1, evars, [], impl_vars, [], infer_vars, [ ], c_heap, emp, others,  es_infer_obj, [@arr_en] globals, [],
id,115, caller, [], line,0, TIME,0.064, classic, false, kind, Sleek_Entail(116), hec_num,1, evars, [], impl_vars, [ex1,ex4], infer_vars, [ ], c_heap, emp, others,  es_infer_obj, [@arr_en] globals, []
id,54, caller, [], line,0, TIME,0.068, classic, false, kind, Sleek_Entail(55), hec_num,1, evars, [], impl_vars, [], infer_vars, [ ], c_heap, emp, others,  es_infer_obj, [@arr_en] globals, [],
id,60, caller, [], line,0, TIME,0.068, classic, false, kind, Sleek_Entail(61), hec_num,1, evars, [], impl_vars, [], infer_vars, [ ], c_heap, emp, others,  es_infer_obj, [@arr_en] globals, [],
id,57, caller, [], line,0, TIME,0.072, classic, false, kind, Sleek_Entail(58), hec_num,1, evars, [], impl_vars, [], infer_vars, [ ], c_heap, emp, others,  es_infer_obj, [@arr_en] globals, [],
id,80, caller, [], line,0, TIME,0.072, classic, false, kind, Sleek_Entail(81), hec_num,1, evars, [], impl_vars, [], infer_vars, [ ], c_heap, emp, others,  es_infer_obj, [@arr_en] globals, [],
id,96, caller, [], line,0, TIME,0.072, classic, false, kind, Sleek_Entail(97), hec_num,1, evars, [], impl_vars, [], infer_vars, [ ], c_heap, emp, others,  es_infer_obj, [@arr_en] globals, [],
id,95, caller, [], line,0, TIME,0.076, classic, false, kind, Sleek_Entail(96), hec_num,1, evars, [], impl_vars, [], infer_vars, [ ], c_heap, emp, others,  es_infer_obj, [@arr_en] globals, [],
id,12, caller, [], line,0, TIME,0.08, classic, false, kind, Sleek_Entail(13), hec_num,1, evars, [], impl_vars, [], infer_vars, [ ], c_heap, emp, others,  es_infer_obj, [@arr_en] globals, [],
id,27, caller, [], line,0, TIME,0.08, classic, false, kind, Sleek_Entail(28), hec_num,1, evars, [], impl_vars, [], infer_vars, [ ], c_heap, emp, others,  es_infer_obj, [@arr_en] globals, [],
id,38, caller, [], line,0, TIME,0.08, classic, false, kind, Sleek_Entail(39), hec_num,1, evars, [], impl_vars, [], infer_vars, [ ], c_heap, emp, others,  es_infer_obj, [@arr_en] globals, [],
id,79, caller, [], line,0, TIME,0.08, classic, false, kind, Sleek_Entail(80), hec_num,1, evars, [], impl_vars, [], infer_vars, [ ], c_heap, emp, others,  es_infer_obj, [@arr_en] globals, [],
id,116, caller, [], line,0, TIME,0.08, classic, false, kind, Sleek_Entail(117), hec_num,1, evars, [], impl_vars, [], infer_vars, [ ], c_heap, emp, others,  es_infer_obj, [@arr_en] globals, [],
id,118, caller, [], line,0, TIME,0.08, classic, false, kind, Sleek_Entail(119), hec_num,1, evars, [], impl_vars, [], infer_vars, [ ], c_heap, emp, others,  es_infer_obj, [@arr_en] globals, [],
id,48, caller, [], line,0, TIME,0.084, classic, false, kind, Sleek_Entail(49), hec_num,1, evars, [], impl_vars, [], infer_vars, [ ], c_heap, emp, others,  es_infer_obj, [@arr_en] globals, [],
id,56, caller, [], line,0, TIME,0.084, classic, false, kind, Sleek_Entail(57), hec_num,1, evars, [], impl_vars, [], infer_vars, [ ], c_heap, emp, others,  es_infer_obj, [@arr_en] globals, [],
id,109, caller, [], line,0, TIME,0.084, classic, false, kind, Sleek_Entail(110), hec_num,1, evars, [], impl_vars, [], infer_vars, [ ], c_heap, emp, others,  es_infer_obj, [@arr_en] globals, [],
id,111, caller, [], line,0, TIME,0.084, classic, false, kind, Sleek_Entail(112), hec_num,1, evars, [], impl_vars, [a11], infer_vars, [ ], c_heap, emp, others,  es_infer_obj, [@arr_en] globals, [],
id,6, caller, [], line,0, TIME,0.088, classic, false, kind, Sleek_Entail(7), hec_num,1, evars, [], impl_vars, [], infer_vars, [ ], c_heap, emp, others,  es_infer_obj, [@arr_en] globals, [],
id,39, caller, [], line,0, TIME,0.088, classic, false, kind, Sleek_Entail(40), hec_num,1, evars, [], impl_vars, [], infer_vars, [ ], c_heap, emp, others,  es_infer_obj, [@arr_en] globals, [],
id,74, caller, [], line,0, TIME,0.088, classic, false, kind, Sleek_Entail(75), hec_num,1, evars, [], impl_vars, [], infer_vars, [ ], c_heap, emp, others,  es_infer_obj, [@arr_en] globals, [],
id,92, caller, [], line,0, TIME,0.088, classic, false, kind, Sleek_Entail(93), hec_num,1, evars, [], impl_vars, [], infer_vars, [ ], c_heap, emp, others,  es_infer_obj, [@arr_en] globals, [],
id,25, caller, [], line,0, TIME,0.092, classic, false, kind, Sleek_Entail(26), hec_num,1, evars, [], impl_vars, [], infer_vars, [ ], c_heap, emp, others,  es_infer_obj, [@arr_en] globals, [],
id,110, caller, [], line,0, TIME,0.092, classic, false, kind, Sleek_Entail(111), hec_num,1, evars, [], impl_vars, [], infer_vars, [ ], c_heap, emp, others,  es_infer_obj, [@arr_en] globals, [],
id,46, caller, [], line,0, TIME,0.096, classic, false, kind, Sleek_Entail(47), hec_num,1, evars, [], impl_vars, [], infer_vars, [ ], c_heap, emp, others,  es_infer_obj, [@arr_en] globals, [],
id,73, caller, [], line,0, TIME,0.096, classic, false, kind, Sleek_Entail(74), hec_num,1, evars, [], impl_vars, [], infer_vars, [ ], c_heap, emp, others,  es_infer_obj, [@arr_en] globals, [],
id,99, caller, [], line,0, TIME,0.096, classic, false, kind, Sleek_Entail(100), hec_num,1, evars, [], impl_vars, [], infer_vars, [ ], c_heap, emp, others,  es_infer_obj, [@arr_en] globals, [],
id,35, caller, [], line,0, TIME,0.1, classic, false, kind, Sleek_Entail(36), hec_num,1, evars, [], impl_vars, [], infer_vars, [ ], c_heap, emp, others,  es_infer_obj, [@arr_en] globals, [],
id,36, caller, [], line,0, TIME,0.1, classic, false, kind, Sleek_Entail(37), hec_num,1, evars, [], impl_vars, [], infer_vars, [ ], c_heap, emp, others,  es_infer_obj, [@arr_en] globals, [],
id,58, caller, [], line,0, TIME,0.1, classic, false, kind, Sleek_Entail(59), hec_num,1, evars, [], impl_vars, [], infer_vars, [ ], c_heap, emp, others,  es_infer_obj, [@arr_en] globals, [],
id,70, caller, [], line,0, TIME,0.1, classic, false, kind, Sleek_Entail(71), hec_num,1, evars, [], impl_vars, [], infer_vars, [ ], c_heap, emp, others,  es_infer_obj, [@arr_en] globals, [],
id,82, caller, [], line,0, TIME,0.1, classic, false, kind, Sleek_Entail(83), hec_num,1, evars, [], impl_vars, [], infer_vars, [ ], c_heap, emp, others,  es_infer_obj, [@arr_en] globals, [],
id,91, caller, [], line,0, TIME,0.1, classic, false, kind, Sleek_Entail(92), hec_num,1, evars, [], impl_vars, [], infer_vars, [ ], c_heap, emp, others,  es_infer_obj, [@arr_en] globals, [],
id,112, caller, [], line,0, TIME,0.1, classic, false, kind, Sleek_Entail(113), hec_num,1, evars, [], impl_vars, [], infer_vars, [ ], c_heap, emp, others,  es_infer_obj, [@arr_en] globals, [],
id,26, caller, [], line,0, TIME,0.104, classic, false, kind, Sleek_Entail(27), hec_num,1, evars, [], impl_vars, [], infer_vars, [ ], c_heap, emp, others,  es_infer_obj, [@arr_en] globals, [],
id,47, caller, [], line,0, TIME,0.104, classic, false, kind, Sleek_Entail(48), hec_num,1, evars, [], impl_vars, [], infer_vars, [ ], c_heap, emp, others,  es_infer_obj, [@arr_en] globals, [],
id,50, caller, [], line,0, TIME,0.104, classic, false, kind, Sleek_Entail(51), hec_num,1, evars, [], impl_vars, [], infer_vars, [ ], c_heap, emp, others,  es_infer_obj, [@arr_en] globals, [],
id,69, caller, [], line,0, TIME,0.104, classic, false, kind, Sleek_Entail(70), hec_num,1, evars, [], impl_vars, [], infer_vars, [ ], c_heap, emp, others,  es_infer_obj, [@arr_en] globals, [],
id,84, caller, [], line,0, TIME,0.104, classic, false, kind, Sleek_Entail(85), hec_num,1, evars, [], impl_vars, [], infer_vars, [ ], c_heap, emp, others,  es_infer_obj, [@arr_en] globals, [],
id,101, caller, [], line,0, TIME,0.104, classic, false, kind, Sleek_Entail(102), hec_num,1, evars, [], impl_vars, [], infer_vars, [ ], c_heap, emp, others,  es_infer_obj, [@arr_en] globals, [],
id,102, caller, [], line,0, TIME,0.108, classic, false, kind, Sleek_Entail(103), hec_num,1, evars, [], impl_vars, [], infer_vars, [ ], c_heap, emp, others,  es_infer_obj, [@arr_en] globals, [],
id,105, caller, [], line,0, TIME,0.108, classic, false, kind, Sleek_Entail(106), hec_num,1, evars, [], impl_vars, [], infer_vars, [ ], c_heap, emp, others,  es_infer_obj, [@arr_en] globals, [],
id,9, caller, [], line,0, TIME,0.112, classic, false, kind, Sleek_Entail(10), hec_num,1, evars, [], impl_vars, [], infer_vars, [ ], c_heap, emp, others,  es_infer_obj, [@arr_en] globals, [],
id,65, caller, [], line,0, TIME,0.112, classic, false, kind, Sleek_Entail(66), hec_num,1, evars, [], impl_vars, [], infer_vars, [ ], c_heap, emp, others,  es_infer_obj, [@arr_en] globals, [],
id,90, caller, [], line,0, TIME,0.112, classic, false, kind, Sleek_Entail(91), hec_num,1, evars, [], impl_vars, [], infer_vars, [ ], c_heap, emp, others,  es_infer_obj, [@arr_en] globals, [],
id,104, caller, [], line,0, TIME,0.112, classic, false, kind, Sleek_Entail(105), hec_num,1, evars, [], impl_vars, [], infer_vars, [ ], c_heap, emp, others,  es_infer_obj, [@arr_en] globals, [],
id,5, caller, [], line,0, TIME,0.116, classic, false, kind, Sleek_Entail(6), hec_num,1, evars, [], impl_vars, [], infer_vars, [ ], c_heap, emp, others,  es_infer_obj, [@arr_en] globals, [],
id,63, caller, [], line,0, TIME,0.116, classic, false, kind, Sleek_Entail(64), hec_num,1, evars, [], impl_vars, [], infer_vars, [ ], c_heap, emp, others,  es_infer_obj, [@arr_en] globals, [],
id,8, caller, [], line,0, TIME,0.124, classic, false, kind, Sleek_Entail(9), hec_num,1, evars, [], impl_vars, [], infer_vars, [ ], c_heap, emp, others,  es_infer_obj, [@arr_en] globals, [],
id,72, caller, [], line,0, TIME,0.124, classic, false, kind, Sleek_Entail(73), hec_num,1, evars, [], impl_vars, [], infer_vars, [ ], c_heap, emp, others,  es_infer_obj, [@arr_en] globals, [],
id,77, caller, [], line,0, TIME,0.124, classic, false, kind, Sleek_Entail(78), hec_num,1, evars, [], impl_vars, [], infer_vars, [ ], c_heap, emp, others,  es_infer_obj, [@arr_en] globals, [],
id,108, caller, [], line,0, TIME,0.132, classic, false, kind, Sleek_Entail(109), hec_num,1, evars, [], impl_vars, [], infer_vars, [ ], c_heap, emp, others,  es_infer_obj, [@arr_en] globals, [],
id,31, caller, [], line,0, TIME,0.156, classic, false, kind, Sleek_Entail(32), hec_num,1, evars, [], impl_vars, [], infer_vars, [ ], c_heap, emp, others,  es_infer_obj, [@arr_en] globals, [],
id,43, caller, [], line,0, TIME,0.176, classic, false, kind, Sleek_Entail(44), hec_num,1, evars, [], impl_vars, [], infer_vars, [ ], c_heap, emp, others,  es_infer_obj, [@arr_en] globals, [],
id,61, caller, [], line,0, TIME,0.22, classic, false, kind, Sleek_Entail(62), hec_num,1, evars, [], impl_vars, [], infer_vars, [ ], c_heap, emp, others,  es_infer_obj, [@arr_en] globals, [],
id,78, caller, [], line,0, TIME,0.224, classic, false, kind, Sleek_Entail(79), hec_num,1, evars, [], impl_vars, [], infer_vars, [ ], c_heap, emp, others,  es_infer_obj, [@arr_en] globals, [],
id,59, caller, [], line,0, TIME,0.276, classic, false, kind, Sleek_Entail(60), hec_num,1, evars, [], impl_vars, [], infer_vars, [ ], c_heap, emp, others,  es_infer_obj, [@arr_en] globals, [],
id,98, caller, [], line,0, TIME,0.28, classic, false, kind, Sleek_Entail(99), hec_num,1, evars, [], impl_vars, [], infer_vars, [ ], c_heap, emp, others,  es_infer_obj, [@arr_en] globals, [],
id,34, caller, [], line,0, TIME,0.312, classic, false, kind, Sleek_Entail(35), hec_num,1, evars, [], impl_vars, [], infer_vars, [ ], c_heap, emp, others,  es_infer_obj, [@arr_en] globals, [],
id,24, caller, [], line,0, TIME,0.368, classic, false, kind, Sleek_Entail(25), hec_num,1, evars, [], impl_vars, [], infer_vars, [ ], c_heap, emp, others,  es_infer_obj, [@arr_en] globals, [],
id,16, caller, [], line,0, TIME,0.404, classic, false, kind, Sleek_Entail(17), hec_num,1, evars, [], impl_vars, [], infer_vars, [ ], c_heap, emp, others,  es_infer_obj, [@arr_en] globals, [],
id,41, caller, [], line,0, TIME,0.508, classic, false, kind, Sleek_Entail(42), hec_num,1, evars, [], impl_vars, [], infer_vars, [ ], c_heap, emp, others,  es_infer_obj, [@arr_en] globals, [],
id,113, caller, [], line,0, TIME,0.552, classic, false, kind, Sleek_Entail(114), hec_num,1, evars, [], impl_vars, [], infer_vars, [ ], c_heap, emp, others,  es_infer_obj, [@arr_en] globals, [],
id,86, caller, [], line,0, TIME,0.568, classic, false, kind, Sleek_Entail(87), hec_num,1, evars, [], impl_vars, [], infer_vars, [ ], c_heap, emp, others,  es_infer_obj, [@arr_en] globals, [],
id,7, caller, [], line,0, TIME,0.588, classic, false, kind, Sleek_Entail(8), hec_num,1, evars, [], impl_vars, [], infer_vars, [ ], c_heap, emp, others,  es_infer_obj, [@arr_en] globals, [],
id,19, caller, [], line,0, TIME,0.808, classic, false, kind, Sleek_Entail(20), hec_num,1, evars, [], impl_vars, [], infer_vars, [ ], c_heap, emp, others,  es_infer_obj, [@arr_en] globals, [],
id,97, caller, [], line,0, TIME,1.604, classic, false, kind, Sleek_Entail(98), hec_num,1, evars, [], impl_vars, [], infer_vars, [ ], c_heap, emp, others,  es_infer_obj, [@arr_en] globals, [],
id,76, caller, [], line,0, TIME,2.04, classic, false, kind, Sleek_Entail(77), hec_num,1, evars, [], impl_vars, [], infer_vars, [ ], c_heap, emp, others,  es_infer_obj, [@arr_en] globals, [],
id,21, caller, [], line,0, TIME,2.824, classic, false, kind, Sleek_Entail(22), hec_num,1, evars, [], impl_vars, [], infer_vars, [ ], c_heap, emp, others,  es_infer_obj, [@arr_en] globals, [],
id,37, caller, [], line,0, TIME,2.9, classic, false, kind, Sleek_Entail(38), hec_num,1, evars, [], impl_vars, [], infer_vars, [ ], c_heap, emp, others,  es_infer_obj, [@arr_en] globals, [],
id,52, caller, [], line,0, TIME,3.044, classic, false, kind, Sleek_Entail(53), hec_num,1, evars, [], impl_vars, [], infer_vars, [ ], c_heap, emp, others,  es_infer_obj, [@arr_en] globals, [],
id,83, caller, [], line,0, TIME,4.84, classic, false, kind, Sleek_Entail(84), hec_num,1, evars, [], impl_vars, [], infer_vars, [ ], c_heap, emp, others,  es_infer_obj, [@arr_en] globals, [],
id,30, caller, [], line,0, TIME,6.5, classic, false, kind, Sleek_Entail(31), hec_num,1, evars, [], impl_vars, [], infer_vars, [ ], c_heap, emp, others,  es_infer_obj, [@arr_en] globals, [],
id,0, caller, [], line,0, TIME,103.008, classic, false, kind, Sleek_Entail(1), hec_num,1, evars, [], impl_vars, [], infer_vars, [ ], c_heap, emp, others,  es_infer_obj, [@arr_en] globals, [],
